method	dataset	APSI	SPS	SCI	refSCI	k
mafftx	5_8S_rRNA	75	0.775230007077	0.7154	68	10
mafftx	5_8S_rRNA	76	0.801566951567	0.5849	67	10
raf	yybP-ykoY	47	0.25886864813	0.866	68	7
raf	yybP-ykoY	47	0.273654916512	0.9	74	7
