length	count_trinucleotides	count_kmer
20000	0.12387990951538086	0.003020048141479492
200000	1.0107431411743164	0.03119802474975586
2000000	10.190114974975586	0.30008792877197266
20000000	101.79868698120117	3.0315208435058594
200000000	1016.5605278015137	30.536487817764282
